t,ia,ifd,wm,Te,Ea
0.0000,0.000000,0.000000,0.000000,0.000000,0.000000
0.0100,23.844783,0.688658,-0.117659,0.065684,-0.000324
0.0200,47.382204,1.320801,-0.229286,0.250330,-0.001211
0.0300,70.616717,1.901067,-0.329628,0.536988,-0.002507
0.0400,93.552554,2.433713,-0.414192,0.910720,-0.004032
0.0500,116.193707,2.922648,-0.479149,1.358373,-0.005602
0.0600,138.543934,3.371459,-0.521262,1.868381,-0.007030
0.0700,160.606763,3.783437,-0.537809,2.430583,-0.008139
0.0800,182.385506,4.161607,-0.526520,3.036067,-0.008765
0.0900,203.883275,4.508742,-0.485525,3.677029,-0.008756
0.1000,225.103002,4.827390,-0.413301,4.346640,-0.007981
0.1100,246.047456,5.119888,-0.308628,5.038941,-0.006321
0.1200,266.719262,5.388382,-0.170553,5.748741,-0.003676
0.1300,287.120922,5.634842,0.001648,6.471524,0.000037
0.1400,307.254825,5.861076,0.208498,7.203375,0.004888
0.1500,327.123272,6.068744,0.450345,7.940910,0.010932
0.1600,346.728484,6.259370,0.727390,8.681207,0.018212
0.1700,366.072617,6.434352,1.039702,9.421761,0.026759
0.1800,385.157770,6.594975,1.387241,10.160423,0.036595
0.1900,403.986003,6.742415,1.769873,10.895366,0.047733
0.2000,422.559337,6.877756,2.187383,11.625041,0.060177
0.2100,440.879767,7.001991,2.639487,12.348144,0.073927
0.2200,458.949265,7.116030,3.125846,13.063587,0.088974
0.2300,476.769787,7.220710,3.646073,13.770466,0.105309
0.2400,494.343279,7.316800,4.199742,14.468044,0.122915
0.2500,511.671677,7.405004,4.786396,15.155724,0.141773
0.2600,528.756912,7.485970,5.405551,15.833033,0.161863
0.2700,545.600913,7.560291,6.056704,16.499607,0.183162
0.2800,562.205607,7.628513,6.739338,17.155172,0.205645
0.2900,578.572921,7.691137,7.452923,17.799534,0.229286
0.3000,594.704783,7.748621,8.196922,18.432568,0.254059
0.3100,610.603121,7.801388,8.970795,19.054207,0.279939
0.3200,626.269868,7.849824,9.773998,19.664434,0.306897
0.3300,641.706956,7.894286,10.605988,20.263272,0.334907
0.3400,656.916319,7.935099,11.466224,20.850783,0.363942
0.3500,671.899892,7.972562,12.354169,21.427054,0.393978
0.3600,686.659612,8.006951,13.269289,21.992200,0.424986
0.3700,701.197415,8.038518,14.211060,22.546352,0.456943
0.3800,715.515238,8.067494,15.178959,23.089661,0.489825
0.3900,729.615014,8.094093,16.172475,23.622287,0.523606
0.4000,743.498679,8.118508,17.191103,24.144401,0.558264
0.4100,757.168163,8.140920,18.234348,24.656183,0.593777
0.4200,770.625394,8.161493,19.301720,25.157815,0.630123
0.4300,783.872297,8.180378,20.392741,25.649485,0.667281
0.4400,796.910791,8.197712,21.506942,26.131381,0.705231
0.4500,809.742792,8.213624,22.643861,26.603692,0.743953
0.4600,822.370209,8.228231,23.803047,27.066607,0.783428
0.4700,834.794944,8.241638,24.984056,27.520312,0.823638
0.4800,847.018894,8.253946,26.186455,27.964991,0.864566
0.4900,859.043948,8.265243,27.409817,28.400827,0.906195
0.5000,870.871987,8.275613,28.653727,28.827998,0.948509
0.5100,882.504882,8.285132,29.917775,29.246678,0.991491
0.5200,893.944498,8.293870,31.201561,29.657038,1.035127
0.5300,905.192688,8.301891,32.504693,30.059244,1.079402
0.5400,916.251298,8.309254,33.826787,30.453458,1.124301
0.5500,927.122162,8.316012,35.167466,30.839837,1.169812
0.5600,937.807104,8.322216,36.526360,31.218533,1.215921
0.5700,948.307938,8.327911,37.903108,31.589695,1.262615
0.5800,958.626467,8.333138,39.297353,31.953467,1.309881
0.5900,968.764483,8.337936,40.708747,32.309986,1.357708
0.6000,978.723766,8.342341,42.136949,32.659390,1.406083
0.6100,988.506086,8.346384,43.581622,33.001806,1.454996
0.6200,998.113200,8.350095,45.042436,33.337362,1.504435
0.6300,1007.546854,8.353502,46.519068,33.666179,1.554389
0.6400,1016.808781,8.356629,48.011201,33.988377,1.604847
0.6500,1025.900703,8.359500,49.518520,34.304067,1.655800
0.6600,1034.824330,8.362135,51.040719,34.613363,1.707238
0.6700,1043.581359,8.364554,52.577497,34.916369,1.759149
0.6800,1052.173476,8.366774,54.128556,35.213190,1.811526
0.6900,1060.602353,8.368812,55.693603,35.503927,1.864357
0.7000,1068.869652,8.370683,57.272353,35.788675,1.917635
0.7100,1076.977020,8.372400,58.864521,36.067530,1.971349
0.7200,1084.926094,8.373976,60.469829,36.340582,2.025492
0.7300,1092.718498,8.375423,62.088003,36.607920,2.080053
0.7400,1100.355842,8.376752,63.718773,36.869630,2.135025
0.7500,1107.839726,8.377971,65.361873,37.125795,2.190399
0.7600,1115.171737,8.379090,67.017041,37.376497,2.246167
0.7700,1122.353449,8.380117,68.684019,37.621814,2.302321
0.7800,1129.386425,8.381060,70.362551,37.861823,2.358851
0.7900,1136.272214,8.381926,72.052388,38.096598,2.415751
0.8000,1143.012356,8.382721,73.753281,38.326212,2.473013
0.8100,1149.608375,8.383450,75.464986,38.550737,2.530628
0.8200,1156.061785,8.384119,77.187264,38.770240,2.588589
0.8300,1162.374089,8.384734,78.919875,38.984790,2.646889
0.8400,1168.546776,8.385298,80.662587,39.194453,2.705519
0.8500,1174.581325,8.385816,82.415167,39.399291,2.764474
0.8600,1180.479201,8.386291,84.177388,39.599370,2.823744
0.8700,1186.241860,8.386728,85.949024,39.794750,2.883324
0.8800,1191.870743,8.387128,87.729853,39.985491,2.943206
0.8900,1197.367283,8.387496,89.519655,40.171653,3.003383
0.9000,1202.732899,8.387833,91.318215,40.353293,3.063848
0.9100,1207.969000,8.388143,93.125317,40.530468,3.124594
0.9200,1213.076981,8.388428,94.940751,40.703234,3.185614
0.9300,1218.058229,8.388689,96.764308,40.871645,3.246903
0.9400,1222.914118,8.388928,98.595782,41.035755,3.308452
0.9500,1227.646011,8.389148,100.434969,41.195617,3.370255
0.9600,1232.255260,8.389350,102.281669,41.351283,3.432307
0.9700,1236.743206,8.389535,104.135682,41.502804,3.494600
0.9800,1241.111178,8.389706,105.996813,41.650229,3.557128
0.9900,1245.360497,8.389862,107.864867,41.793609,3.619885
1.0000,1249.492469,8.390005,109.739653,41.932992,3.682865
1.0100,1253.508393,8.390137,111.620983,42.068427,3.746061
1.0200,1257.409556,8.390257,113.508668,42.199959,3.809468
1.0300,1261.197233,8.390368,115.402525,42.327637,3.873079
1.0400,1264.872690,8.390470,117.302371,42.451506,3.936888
1.0500,1268.437183,8.390563,119.208025,42.571611,4.000890
1.0600,1271.891957,8.390649,121.119310,42.687997,4.065079
1.0700,1275.238245,8.390728,123.036050,42.800709,4.129448
1.0800,1278.477273,8.390800,124.958069,42.909789,4.193993
1.0900,1281.610254,8.390866,126.885198,43.015282,4.258707
1.1000,1284.638392,8.390927,128.817265,43.117230,4.323585
1.1100,1287.562881,8.390983,130.754103,43.215674,4.388622
1.1200,1290.384906,8.391035,132.695547,43.310657,4.453812
1.1300,1293.105640,8.391082,134.641431,43.402220,4.519149
1.1400,1295.726248,8.391125,136.591595,43.490403,4.584629
1.1500,1298.247884,8.391165,138.545879,43.575247,4.650245
1.1600,1300.671693,8.391201,140.504124,43.656790,4.715993
1.1700,1302.998810,8.391234,142.466174,43.735074,4.781868
1.1800,1305.230361,8.391265,144.431875,43.810136,4.847865
1.1900,1307.367462,8.391293,146.401074,43.882015,4.913977
1.2000,1309.411219,8.391319,148.373621,43.950750,4.980202
1.2100,1311.362731,8.391343,150.349367,44.016377,5.046532
1.2200,1313.223085,8.391365,152.328164,44.078935,5.112965
1.2300,1314.993359,8.391385,154.309868,44.138460,5.179494
1.2400,1316.674625,8.391403,156.294335,44.194990,5.246115
1.2500,1318.267941,8.391420,158.281423,44.248559,5.312824
1.2600,1319.774360,8.391435,160.270992,44.299205,5.379615
1.2700,1321.194925,8.391450,162.262904,44.346962,5.446484
1.2800,1322.530667,8.391463,164.257022,44.391866,5.513427
1.2900,1323.782614,8.391475,166.253211,44.433952,5.580438
1.3000,1324.951780,8.391486,168.251337,44.473255,5.647515
1.3100,1326.039173,8.391496,170.251270,44.509808,5.714651
1.3200,1327.045791,8.391505,172.252878,44.543645,5.781843
1.3300,1327.972624,8.391513,174.256033,44.574800,5.849087
1.3400,1328.820654,8.391521,176.260608,44.603307,5.916378
1.3500,1329.590853,8.391528,178.266478,44.629197,5.983713
1.3600,1330.284187,8.391535,180.273520,44.652505,6.051086
1.3700,1330.901610,8.391541,182.281610,44.673261,6.118494
1.3800,1331.444072,8.391546,184.290629,44.691499,6.185934
1.3900,1331.912510,8.391552,186.300456,44.707250,6.253400
1.4000,1332.307857,8.391556,188.310975,44.720545,6.320889
1.4100,1332.631036,8.391561,190.322069,44.731416,6.388397
1.4200,1332.882962,8.391564,192.333624,44.739893,6.455920
1.4300,1333.064541,8.391568,194.345525,44.746007,6.523455
1.4400,1333.176673,8.391571,196.357663,44.749789,6.590997
1.4500,1333.220250,8.391574,198.369925,44.751268,6.658544
1.4600,1333.196153,8.391577,200.382203,44.750474,6.726091
1.4700,1333.105260,8.391580,202.394390,44.747436,6.793635
1.4800,1332.948436,8.391582,204.406379,44.742185,6.861172
1.4900,1332.726543,8.391584,206.418066,44.734748,6.928698
1.5000,1332.440433,8.391586,208.429347,44.725155,6.996211
1.5100,1332.090950,8.391588,210.440120,44.713434,7.063707
1.5200,1331.678932,8.391590,212.450286,44.699613,7.131183
1.5300,1331.205209,8.391591,214.459743,44.683720,7.198634
1.5400,1330.670604,8.391593,216.468395,44.665783,7.266058
1.5500,1330.075930,8.391594,218.476144,44.645829,7.333452
1.5600,1329.421996,8.391595,220.482895,44.623885,7.400813
1.5700,1328.709600,8.391596,222.488555,44.599978,7.468136
1.5800,1327.939537,8.391597,224.493030,44.574135,7.535420
1.5900,1327.112594,8.391598,226.496228,44.546382,7.602661
1.6000,1326.229548,8.391599,228.498060,44.516746,7.669856
1.6100,1325.291171,8.391600,230.498436,44.485252,7.737002
1.6200,1324.298228,8.391600,232.497269,44.451926,7.804097
1.6300,1323.251476,8.391601,234.494472,44.416794,7.871136
1.6400,1322.151668,8.391602,236.489959,44.379881,7.938118
1.6500,1320.999546,8.391602,238.483646,44.341211,8.005040
1.6600,1319.795847,8.391603,240.475451,44.300810,8.071898
1.6700,1318.541302,8.391603,242.465290,44.258702,8.138690
1.6800,1317.236634,8.391604,244.453085,44.214911,8.205414
1.6900,1315.882562,8.391604,246.438754,44.169462,8.272066
1.7000,1314.479794,8.391604,248.422220,44.122378,8.338644
1.7100,1313.029035,8.391605,250.403405,44.073683,8.405146
1.7200,1311.530981,8.391605,252.382234,44.023400,8.471568
1.7300,1309.986323,8.391605,254.358631,43.971553,8.537909
1.7400,1308.395747,8.391606,256.332521,43.918164,8.604166
1.7500,1306.759930,8.391606,258.303833,43.863257,8.670336
1.7600,1305.079543,8.391606,260.272495,43.806853,8.736417
1.7700,1303.355251,8.391606,262.238436,43.748976,8.802407
1.7800,1301.587713,8.391606,264.201585,43.689647,8.868303
1.7900,1299.777583,8.391607,266.161876,43.628888,8.934103
1.8000,1297.925507,8.391607,268.119239,43.566721,8.999805
1.8100,1296.032127,8.391607,270.073608,43.503168,9.065406
1.8200,1294.098076,8.391607,272.024919,43.438250,9.130905
1.8300,1292.123982,8.391607,273.973105,43.371987,9.196299
1.8400,1290.110467,8.391607,275.918105,43.304401,9.261585
1.8500,1288.058147,8.391607,277.859856,43.235512,9.326763
1.8600,1285.967632,8.391607,279.798296,43.165342,9.391830
1.8700,1283.839528,8.391607,281.733364,43.093909,9.456783
1.8800,1281.674433,8.391608,283.665001,43.021235,9.521621
1.8900,1279.472941,8.391608,285.593149,42.947339,9.586343
1.9000,1277.235639,8.391608,287.517749,42.872241,9.650945
1.9100,1274.963109,8.391608,289.438745,42.795961,9.715426
1.9200,1272.655929,8.391608,291.356080,42.718517,9.779784
1.9300,1270.314669,8.391608,293.269700,42.639930,9.844017
1.9400,1267.939897,8.391608,295.179550,42.560218,9.908124
1.9500,1265.532169,8.391608,297.085578,42.479399,9.972103
1.9600,1263.092038,8.391608,298.987731,42.397493,10.035951
1.9700,1260.620054,8.391608,300.885958,42.314517,10.099668
1.9800,1258.116760,8.391608,302.780209,42.230491,10.163251
1.9900,1255.582693,8.391608,304.670434,42.145431,10.226699
2.0000,1253.018387,8.391608,306.556584,42.059357,10.290011
2.0100,1250.424368,8.391608,308.438612,41.972285,10.353184
2.0200,1247.801158,8.391608,310.316469,41.884234,10.416217
2.0300,1245.149275,8.391608,312.190111,41.795219,10.479108
2.0400,1242.469230,8.391608,314.059491,41.705260,10.541857
2.0500,1239.761530,8.391608,315.924565,41.614372,10.604461
2.0600,1237.026675,8.391608,317.785289,41.522573,10.666919
2.0700,1234.265163,8.391608,319.641620,41.429879,10.729229
2.0800,1231.477486,8.391608,321.493517,41.336307,10.791391
2.0900,1228.664129,8.391608,323.340937,41.241872,10.853402
2.1000,1225.825574,8.391608,325.183839,41.146592,10.915262
2.1100,1222.962298,8.391608,327.022185,41.050482,10.976968
2.1200,1220.074774,8.391608,328.855934,40.953559,11.038521
2.1300,1217.163467,8.391608,330.685049,40.855836,11.099918
2.1400,1214.228841,8.391608,332.509491,40.757331,11.161158
2.1500,1211.271353,8.391608,334.329225,40.658059,11.222240
2.1600,1208.291456,8.391608,336.144213,40.558035,11.283162
2.1700,1205.289599,8.391608,337.954420,40.457273,11.343925
2.1800,1202.266224,8.391608,339.759812,40.355789,11.404525
2.1900,1199.221782,8.391608,341.560352,40.253598,11.464963
2.2000,1196.156682,8.391608,343.356012,40.150714,11.525237
2.2100,1193.071370,8.391608,345.146757,40.047151,11.585346
2.2200,1189.966271,8.391608,346.932553,39.942924,11.645288
2.2300,1186.841807,8.391608,348.713371,39.838046,11.705064
2.2400,1183.698393,8.391608,350.489179,39.732533,11.764672
2.2500,1180.536441,8.391608,352.259948,39.626398,11.824110
2.2600,1177.356360,8.391608,354.025647,39.519654,11.883378
2.2700,1174.158553,8.391608,355.786250,39.412315,11.942476
2.2800,1170.943419,8.391608,357.541727,39.304394,12.001401
2.2900,1167.711354,8.391608,359.292051,39.195906,12.060153
2.3000,1164.462749,8.391608,361.037196,39.086862,12.118731
2.3100,1161.197990,8.391608,362.777135,38.977275,12.177135
2.3200,1157.917459,8.391608,364.511843,38.867160,12.235363
2.3300,1154.621536,8.391608,366.241295,38.756527,12.293414
2.3400,1151.310596,8.391608,367.965467,38.645391,12.351288
2.3500,1147.985008,8.391608,369.684335,38.533763,12.408985
2.3600,1144.645139,8.391608,371.397875,38.421655,12.466502
2.3700,1141.291352,8.391608,373.106066,38.309080,12.523840
2.3800,1137.924004,8.391608,374.808885,38.196050,12.580998
2.3900,1134.543451,8.391608,376.506311,38.082577,12.637974
2.4000,1131.150044,8.391608,378.198323,37.968673,12.694769
2.4100,1127.744129,8.391608,379.884900,37.854348,12.751381
2.4200,1124.326049,8.391608,381.566024,37.739616,12.807811
2.4300,1120.896144,8.391608,383.241675,37.624486,12.864056
2.4400,1117.454749,8.391608,384.911835,37.508971,12.920118
2.4500,1114.002196,8.391608,386.576484,37.393081,12.975994
2.4600,1110.538815,8.391608,388.235606,37.276827,13.031685
2.4700,1107.064927,8.391608,389.889184,37.160221,13.087189
2.4800,1103.580855,8.391608,391.537201,37.043273,13.142507
2.4900,1100.086916,8.391608,393.179641,36.925994,13.197638
2.5000,1096.583424,8.391608,394.816488,36.808395,13.252581
2.5100,1093.070688,8.391608,396.447728,36.690485,13.307336
2.5200,1089.549016,8.391608,398.073346,36.572275,13.361903
2.5300,1086.018711,8.391608,399.693328,36.453775,13.416280
2.5400,1082.480071,8.391608,401.307660,36.334995,13.470467
2.5500,1078.933395,8.391608,402.916329,36.215946,13.524464
2.5600,1075.378974,8.391608,404.519323,36.096637,13.578271
2.5700,1071.817099,8.391608,406.116630,35.977077,13.631887
2.5800,1068.248055,8.391608,407.708237,35.857277,13.685311
2.5900,1064.672126,8.391608,409.294133,35.737246,13.738544
2.6000,1061.089589,8.391608,410.874309,35.616993,13.791585
2.6100,1057.500722,8.391608,412.448753,35.496528,13.844434
2.6200,1053.905797,8.391608,414.017456,35.375859,13.897089
2.6300,1050.305083,8.391608,415.580408,35.254996,13.949552
2.6400,1046.698848,8.391608,417.137601,35.133947,14.001822
2.6500,1043.087354,8.391608,418.689025,35.012722,14.053897
2.6600,1039.470863,8.391608,420.234673,34.891330,14.105779
2.6700,1035.849632,8.391608,421.774536,34.769778,14.157467
2.6800,1032.223916,8.391608,423.308608,34.648076,14.208960
2.6900,1028.593965,8.391608,424.836880,34.526231,14.260259
2.7000,1024.960030,8.391608,426.359348,34.404253,14.311363
2.7100,1021.322355,8.391608,427.876003,34.282149,14.362271
2.7200,1017.681183,8.391608,429.386840,34.159928,14.412985
2.7300,1014.036754,8.391608,430.891855,34.037597,14.463503
2.7400,1010.389302,8.391608,432.391042,33.915165,14.513825
2.7500,1006.739061,8.391608,433.884396,33.792640,14.563952
2.7600,1003.086262,8.391608,435.371914,33.670028,14.613882
2.7700,999.431131,8.391608,436.853591,33.547339,14.663617
2.7800,995.773895,8.391608,438.329423,33.424578,14.713156
2.7900,992.114774,8.391608,439.799409,33.301755,14.762498
2.8000,988.453988,8.391608,441.263545,33.178875,14.811643
2.8100,984.791755,8.391608,442.721828,33.055947,14.860593
2.8200,981.128287,8.391608,444.174256,32.932978,14.909346
2.8300,977.463797,8.391608,445.620827,32.809974,14.957902
2.8400,973.798493,8.391608,447.061541,32.686942,15.006262
2.8500,970.132580,8.391608,448.496395,32.563891,15.054424
2.8600,966.466263,8.391608,449.925389,32.440826,15.102391
2.8700,962.799742,8.391608,451.348523,32.317754,15.150160
2.8800,959.133215,8.391608,452.765796,32.194681,15.197733
2.8900,955.466877,8.391608,454.177208,32.071615,15.245109
2.9000,951.800922,8.391608,455.582761,31.948562,15.292288
2.9100,948.135539,8.391608,456.982454,31.825529,15.339271
2.9200,944.470917,8.391608,458.376288,31.702520,15.386057
2.9300,940.807242,8.391608,459.764266,31.579544,15.432647
2.9400,937.144696,8.391608,461.146389,31.456605,15.479040
2.9500,933.483461,8.391608,462.522658,31.333711,15.525236
2.9600,929.823713,8.391608,463.893077,31.210866,15.571236
2.9700,926.165630,8.391608,465.257647,31.088077,15.617040
2.9800,922.509384,8.391608,466.616371,30.965350,15.662647
2.9900,918.855148,8.391608,467.969252,30.842690,15.708059
3.0000,915.203089,8.391608,469.316295,30.720104,15.753274
3.0100,911.553374,8.391608,470.657501,30.597596,15.798294
3.0200,907.906168,8.391608,471.992876,30.475172,15.843118
3.0300,904.261632,8.391608,473.322423,30.352838,15.887746
3.0400,900.619927,8.391608,474.646147,30.230599,15.932178
3.0500,896.981209,8.391608,475.964052,30.108460,15.976416
3.0600,893.345635,8.391608,477.276144,29.986427,16.020458
3.0700,889.713357,8.391608,478.582427,29.864504,16.064305
3.0800,886.084527,8.391608,479.882907,29.742697,16.107958
3.0900,882.459293,8.391608,481.177589,29.621011,16.151416
3.1000,878.837803,8.391608,482.466480,29.499451,16.194679
3.1100,875.220200,8.391608,483.749585,29.378021,16.237748
3.1200,871.606628,8.391608,485.026911,29.256726,16.280624
3.1300,867.997227,8.391608,486.298464,29.135571,16.323305
3.1400,864.392135,8.391608,487.564251,29.014561,16.365793
3.1500,860.791490,8.391608,488.824279,28.893700,16.408088
3.1600,857.195426,8.391608,490.078556,28.772993,16.450189
3.1700,853.604074,8.391608,491.327088,28.652444,16.492098
3.1800,850.017567,8.391608,492.569884,28.532058,16.533814
3.1900,846.436032,8.391608,493.806951,28.411839,16.575338
3.2000,842.859596,8.391608,495.038297,28.291791,16.616670
3.2100,839.288383,8.391608,496.263931,28.171918,16.657810
3.2200,835.722518,8.391608,497.483860,28.052224,16.698759
3.2300,832.162120,8.391608,498.698094,27.932715,16.739516
3.2400,828.607309,8.391608,499.906642,27.813392,16.780083
3.2500,825.058202,8.391608,501.109512,27.694261,16.820459
3.2600,821.514915,8.391608,502.306714,27.575326,16.860645
3.2700,817.977562,8.391608,503.498257,27.456590,16.900641
3.2800,814.446254,8.391608,504.684151,27.338056,16.940447
3.2900,810.921102,8.391608,505.864405,27.219729,16.980064
3.3000,807.402213,8.391608,507.039029,27.101613,17.019492
3.3100,803.889695,8.391608,508.208034,26.983710,17.058731
3.3200,800.383653,8.391608,509.371429,26.866025,17.097782
3.3300,796.884190,8.391608,510.529225,26.748560,17.136645
3.3400,793.391407,8.391608,511.681434,26.631320,17.175321
3.3500,789.905405,8.391608,512.828064,26.514307,17.213809
3.3600,786.426281,8.391608,513.969128,26.397525,17.252111
3.3700,782.954132,8.391608,515.104637,26.280978,17.290226
3.3800,779.489053,8.391608,516.234601,26.164668,17.328154
3.3900,776.031138,8.391608,517.359033,26.048598,17.365898
3.4000,772.580479,8.391608,518.477942,25.932771,17.403455
3.4100,769.137165,8.391608,519.591343,25.817192,17.440828
3.4200,765.701285,8.391608,520.699245,25.701861,17.478017
3.4300,762.272927,8.391608,521.801661,25.586784,17.515021
3.4400,758.852176,8.391608,522.898604,25.471961,17.551841
3.4500,755.439116,8.391608,523.990084,25.357397,17.588478
3.4600,752.033829,8.391608,525.076116,25.243094,17.624933
3.4700,748.636398,8.391608,526.156710,25.129054,17.661204
3.4800,745.246901,8.391608,527.231881,25.015281,17.697294
3.4900,741.865416,8.391608,528.301640,24.901776,17.733202
3.5000,738.492021,8.391608,529.366000,24.788543,17.768929
3.5100,735.126791,8.391608,530.424975,24.675585,17.804475
3.5200,731.769799,8.391608,531.478577,24.562902,17.839840
3.5300,728.421121,8.391608,532.526820,24.450499,17.875026
3.5400,725.080822,8.391608,533.569718,24.338377,17.910032
3.5500,721.748976,8.391608,534.607283,24.226539,17.944860
3.5600,718.425651,8.391608,535.639529,24.114987,17.979509
3.5700,715.110914,8.391608,536.666469,24.003723,18.013979
3.5800,711.804830,8.391608,537.688119,23.892750,18.048273
3.5900,708.507464,8.391608,538.704490,23.782069,18.082388
3.6000,705.218880,8.391608,539.715599,23.671683,18.116328
3.6100,701.939138,8.391608,540.721457,23.561593,18.150091
3.6200,698.668300,8.391608,541.722081,23.451803,18.183678
3.6300,695.406426,8.391608,542.717483,23.342314,18.217090
3.6400,692.153572,8.391608,543.707679,23.233127,18.250328
3.6500,688.909797,8.391608,544.692683,23.124245,18.283391
3.6600,685.675155,8.391608,545.672508,23.015670,18.316280
3.6700,682.449701,8.391608,546.647172,22.907403,18.348996
3.6800,679.233488,8.391608,547.616686,22.799446,18.381539
3.6900,676.026570,8.391608,548.581068,22.691801,18.413910
3.7000,672.828996,8.391608,549.540330,22.584470,18.446109
3.7100,669.640815,8.391608,550.494489,22.477454,18.478137
3.7200,666.462078,8.391608,551.443560,22.370755,18.509994
3.7300,663.292830,8.391608,552.387558,22.264375,18.541680
3.7400,660.133119,8.391608,553.326497,22.158314,18.573197
3.7500,656.982991,8.391608,554.260393,22.052576,18.604545
3.7600,653.842488,8.391608,555.189262,21.947160,18.635723
3.7700,650.711654,8.391608,556.113118,21.842070,18.666734
3.7800,647.590531,8.391608,557.031979,21.737305,18.697577
3.7900,644.479160,8.391608,557.945858,21.632867,18.728253
3.8000,641.377582,8.391608,558.854771,21.528758,18.758762
3.8100,638.285834,8.391608,559.758735,21.424979,18.789104
3.8200,635.203955,8.391608,560.657765,21.321531,18.819282
3.8300,632.131981,8.391608,561.551876,21.218416,18.849294
3.8400,629.069948,8.391608,562.441085,21.115635,18.879141
3.8500,626.017891,8.391608,563.325408,21.013188,18.908825
3.8600,622.975845,8.391608,564.204860,20.911077,18.938345
3.8700,619.943841,8.391608,565.079458,20.809304,18.967702
3.8800,616.921912,8.391608,565.949218,20.707868,18.996897
3.8900,613.910089,8.391608,566.814155,20.606772,19.025930
3.9000,610.908401,8.391608,567.674286,20.506016,19.054801
3.9100,607.916878,8.391608,568.529628,20.405602,19.083512
3.9200,604.935549,8.391608,569.380195,20.305529,19.112063
3.9300,601.964439,8.391608,570.226006,20.205799,19.140453
3.9400,599.003577,8.391608,571.067075,20.106414,19.168685
3.9500,596.052987,8.391608,571.903421,20.007373,19.196758
3.9600,593.112694,8.391608,572.735058,19.908678,19.224673
3.9700,590.182720,8.391608,573.562003,19.810329,19.252431
3.9800,587.263090,8.391608,574.384274,19.712328,19.280032
3.9900,584.353825,8.391608,575.201886,19.614674,19.307476
4.0000,581.454947,8.391608,576.014856,19.517369,19.334764
4.0100,578.566474,8.391608,576.823201,19.420413,19.361898
4.0200,575.688428,8.391608,577.626937,19.323807,19.388876
4.0300,572.820826,8.391608,578.426082,19.227552,19.415701
4.0400,569.963688,8.391608,579.220651,19.131648,19.442372
4.0500,567.117029,8.391608,580.010662,19.036096,19.468889
4.0600,564.280867,8.391608,580.796131,18.940896,19.495255
4.0700,561.455218,8.391608,581.577075,18.846049,19.521468
4.0800,558.640097,8.391608,582.353511,18.751556,19.547530
4.0900,555.835517,8.391608,583.125455,18.657416,19.573442
4.1000,553.041493,8.391608,583.892925,18.563631,19.599203
4.1100,550.258037,8.391608,584.655937,18.470200,19.624815
4.1200,547.485159,8.391608,585.414509,18.377124,19.650277
4.1300,544.722873,8.391608,586.168657,18.284404,19.675591
4.1400,541.971187,8.391608,586.918398,18.192040,19.700757
4.1500,539.230112,8.391608,587.663749,18.100032,19.725776
4.1600,536.499656,8.391608,588.404727,18.008380,19.750648
4.1700,533.779828,8.391608,589.141349,17.917085,19.775374
4.1800,531.070635,8.391608,589.873633,17.826147,19.799954
4.1900,528.372085,8.391608,590.601594,17.735567,19.824389
4.2000,525.684184,8.391608,591.325251,17.645343,19.848680
4.2100,523.006938,8.391608,592.044620,17.555478,19.872826
4.2200,520.340352,8.391608,592.759718,17.465970,19.896830
4.2300,517.684430,8.391608,593.470562,17.376820,19.920690
4.2400,515.039177,8.391608,594.177170,17.288028,19.944409
4.2500,512.404595,8.391608,594.879558,17.199595,19.967985
4.2600,509.780688,8.391608,595.577743,17.111520,19.991421
4.2700,507.167456,8.391608,596.271742,17.023803,20.014716
4.2800,504.564902,8.391608,596.961573,16.936444,20.037871
4.2900,501.973027,8.391608,597.647253,16.849444,20.060887
4.3000,499.391830,8.391608,598.328798,16.762803,20.083764
4.3100,496.821311,8.391608,599.006226,16.676520,20.106503
4.3200,494.261470,8.391608,599.679554,16.590595,20.129104
4.3300,491.712305,8.391608,600.348799,16.505028,20.151568
4.3400,489.173813,8.391608,601.013977,16.419820,20.173896
4.3500,486.645993,8.391608,601.675107,16.334970,20.196088
4.3600,484.128841,8.391608,602.332204,16.250479,20.218144
4.3700,481.622354,8.391608,602.985287,16.166345,20.240066
4.3800,479.126527,8.391608,603.634372,16.082569,20.261853
4.3900,476.641357,8.391608,604.279476,15.999150,20.283507
4.4000,474.166837,8.391608,604.920616,15.916090,20.305028
4.4100,471.702962,8.391608,605.557809,15.833386,20.326416
4.4200,469.249725,8.391608,606.191072,15.751040,20.347672
4.4300,466.807122,8.391608,606.820423,15.669050,20.368797
4.4400,464.375143,8.391608,607.445878,15.587417,20.389792
4.4500,461.953782,8.391608,608.067454,15.506141,20.410656
4.4600,459.543030,8.391608,608.685168,15.425221,20.431390
4.4700,457.142879,8.391608,609.299037,15.344656,20.451996
4.4800,454.753321,8.391608,609.909079,15.264447,20.472473
4.4900,452.374345,8.391608,610.515309,15.184593,20.492822
4.5000,450.005941,8.391608,611.117745,15.105095,20.513043
4.5100,447.648100,8.391608,611.716404,15.025950,20.533138
4.5200,445.300811,8.391608,612.311302,14.947160,20.553107
4.5300,442.964062,8.391608,612.902457,14.868724,20.572950
4.5400,440.637842,8.391608,613.489886,14.790641,20.592667
4.5500,438.322139,8.391608,614.073604,14.712911,20.612261
4.5600,436.016940,8.391608,614.653630,14.635534,20.631730
4.5700,433.722234,8.391608,615.229979,14.558509,20.651076
4.5800,431.438005,8.391608,615.802668,14.481835,20.670299
4.5900,429.164242,8.391608,616.371715,14.405513,20.689400
4.6000,426.900930,8.391608,616.937136,14.329542,20.708379
4.6100,424.648054,8.391608,617.498947,14.253921,20.727237
4.6200,422.405600,8.391608,618.057166,14.178650,20.745975
4.6300,420.173553,8.391608,618.611809,14.103728,20.764592
4.6400,417.951898,8.391608,619.162892,14.029155,20.783090
4.6500,415.740618,8.391608,619.710432,13.954930,20.801469
4.6600,413.539698,8.391608,620.254447,13.881053,20.819730
4.6700,411.349121,8.391608,620.794951,13.807523,20.837872
4.6800,409.168870,8.391608,621.331962,13.734340,20.855898
4.6900,406.998928,8.391608,621.865497,13.661503,20.873807
4.7000,404.839278,8.391608,622.395571,13.589011,20.891600
4.7100,402.689902,8.391608,622.922201,13.516864,20.909277
4.7200,400.550781,8.391608,623.445405,13.445061,20.926839
4.7300,398.421897,8.391608,623.965197,13.373602,20.944286
4.7400,396.303232,8.391608,624.481594,13.302486,20.961620
4.7500,394.194767,8.391608,624.994613,13.231712,20.978840
4.7600,392.096481,8.391608,625.504270,13.161280,20.995948
4.7700,390.008356,8.391608,626.010581,13.091190,21.012943
4.7800,387.930372,8.391608,626.513563,13.021439,21.029826
4.7900,385.862508,8.391608,627.013231,12.952028,21.046598
4.8000,383.804743,8.391608,627.509602,12.882956,21.063259
4.8100,381.757058,8.391608,628.002692,12.814223,21.079811
4.8200,379.719431,8.391608,628.492517,12.745827,21.096252
4.8300,377.691841,8.391608,628.979093,12.677768,21.112585
4.8400,375.674266,8.391608,629.462436,12.610045,21.128809
4.8500,373.666684,8.391608,629.942562,12.542658,21.144925
4.8600,371.669074,8.391608,630.419487,12.475605,21.160934
4.8700,369.681413,8.391608,630.893227,12.408887,21.176836
4.8800,367.703678,8.391608,631.363798,12.342501,21.192631
4.8900,365.735848,8.391608,631.831216,12.276448,21.208320
4.9000,363.777898,8.391608,632.295496,12.210727,21.223905
4.9100,361.829805,8.391608,632.756654,12.145336,21.239384
4.9200,359.891546,8.391608,633.214706,12.080276,21.254759
4.9300,357.963098,8.391608,633.669668,12.015545,21.270031
4.9400,356.044436,8.391608,634.121556,11.951142,21.285199
4.9500,354.135536,8.391608,634.570384,11.887067,21.300265
4.9600,352.236375,8.391608,635.016169,11.823319,21.315228
4.9700,350.346926,8.391608,635.458926,11.759897,21.330090
4.9800,348.467167,8.391608,635.898671,11.696800,21.344851
4.9900,346.597071,8.391608,636.335419,11.634028,21.359511
5.0000,344.736613,8.391608,636.769185,11.571579,21.374071
5.0100,342.885769,8.391608,637.199985,11.509452,21.388531
5.0200,341.044513,8.391608,637.627835,11.447648,21.402892
5.0300,339.212818,8.391608,638.052749,11.386165,21.417155
5.0400,337.390660,8.391608,638.474743,11.325001,21.431320
5.0500,335.578012,8.391608,638.893832,11.264157,21.445387
5.0600,333.774848,8.391608,639.310031,11.203631,21.459358
5.0700,331.981141,8.391608,639.723355,11.143423,21.473232
5.0800,330.196866,8.391608,640.133820,11.083531,21.487009
5.0900,328.421995,8.391608,640.541441,11.023955,21.500692
5.1000,326.656501,8.391608,640.946231,10.964694,21.514279
5.1100,324.900358,8.391608,641.348208,10.905746,21.527772
5.1200,323.153539,8.391608,641.747385,10.847112,21.541171
5.1300,321.416015,8.391608,642.143777,10.788789,21.554476
5.1400,319.687760,8.391608,642.537399,10.730778,21.567689
5.1500,317.968746,8.391608,642.928267,10.673077,21.580809
5.1600,316.258945,8.391608,643.316393,10.615685,21.593837
5.1700,314.558329,8.391608,643.701795,10.558601,21.606773
5.1800,312.866871,8.391608,644.084485,10.501825,21.619619
5.1900,311.184543,8.391608,644.464479,10.445355,21.632374
5.2000,309.511316,8.391608,644.841791,10.389191,21.645039
5.2100,307.847161,8.391608,645.216436,10.333331,21.657615
5.2200,306.192050,8.391608,645.588428,10.277775,21.670101
5.2300,304.545956,8.391608,645.957782,10.222522,21.682499
5.2400,302.908848,8.391608,646.324512,10.167570,21.694809
5.2500,301.280698,8.391608,646.688632,10.112919,21.707031
5.2600,299.661478,8.391608,647.050157,10.058567,21.719166
5.2700,298.051157,8.391608,647.409101,10.004514,21.731215
5.2800,296.449708,8.391608,647.765478,9.950759,21.743177
5.2900,294.857101,8.391608,648.119302,9.897301,21.755054
5.3000,293.273307,8.391608,648.470588,9.844139,21.766845
5.3100,291.698295,8.391608,648.819349,9.791272,21.778552
5.3200,290.132038,8.391608,649.165600,9.738698,21.790174
5.3300,288.574505,8.391608,649.509354,9.686417,21.801713
5.3400,287.025667,8.391608,649.850625,9.634428,21.813168
5.3500,285.485493,8.391608,650.189428,9.582730,21.824540
5.3600,283.953954,8.391608,650.525776,9.531322,21.835831
5.3700,282.431021,8.391609,650.859682,9.480202,21.847039
5.3800,280.916663,8.391609,651.191162,9.429371,21.858165
5.3900,279.410850,8.391609,651.520227,9.378826,21.869211
5.4000,277.913552,8.391609,651.846892,9.328567,21.880176
5.4100,276.424738,8.391609,652.171171,9.278593,21.891061
5.4200,274.944380,8.391609,652.493077,9.228902,21.901866
5.4300,273.472445,8.391609,652.812623,9.179495,21.912592
5.4400,272.008905,8.391609,653.129823,9.130369,21.923239
5.4500,270.553728,8.391609,653.444691,9.081524,21.933808
5.4600,269.106884,8.391609,653.757239,9.032959,21.944299
5.4700,267.668342,8.391609,654.067481,8.984672,21.954713
5.4800,266.238072,8.391609,654.375431,8.936663,21.965050
5.4900,264.816043,8.391609,654.681101,8.888930,21.975310
5.5000,263.402225,8.391609,654.984504,8.841473,21.985494
5.5100,261.996586,8.391609,655.285655,8.794291,21.995603
5.5200,260.599097,8.391609,655.584565,8.747382,22.005636
5.5300,259.209727,8.391609,655.881248,8.700746,22.015595
5.5400,257.828444,8.391609,656.175716,8.654381,22.025479
5.5500,256.455219,8.391609,656.467983,8.608287,22.035289
5.5600,255.090021,8.391609,656.758061,8.562462,22.045026
5.5700,253.732817,8.391608,657.045964,8.516906,22.054690
5.5800,252.383577,8.391608,657.331704,8.471617,22.064281
5.5900,251.042271,8.391608,657.615293,8.426594,22.073800
5.6000,249.708867,8.391608,657.896745,8.381836,22.083248
5.6100,248.383335,8.391608,658.176071,8.337343,22.092624
5.6200,247.065643,8.391608,658.453286,8.293113,22.101929
5.6300,245.755760,8.391608,658.728400,8.249144,22.111163
5.6400,244.453656,8.391608,659.001427,8.205437,22.120328
5.6500,243.159299,8.391608,659.272378,8.161991,22.129423
5.6600,241.872659,8.391608,659.541267,8.118803,22.138448
5.6700,240.593704,8.391608,659.808106,8.075873,22.147405
5.6800,239.322402,8.391608,660.072906,8.033200,22.156293
5.6900,238.058724,8.391608,660.335680,7.990782,22.165114
5.7000,236.802637,8.391608,660.596441,7.948620,22.173867
5.7100,235.554112,8.391608,660.855200,7.906711,22.182552
5.7200,234.313116,8.391608,661.111969,7.865056,22.191171
5.7300,233.079618,8.391608,661.366760,7.823652,22.199723
5.7400,231.853588,8.391608,661.619586,7.782498,22.208210
5.7500,230.634995,8.391608,661.870458,7.741594,22.216631
5.7600,229.423806,8.391608,662.119389,7.700939,22.224987
5.7700,228.219992,8.391608,662.366389,7.660531,22.233277
5.7800,227.023521,8.391608,662.611471,7.620370,22.241504
5.7900,225.834362,8.391608,662.854646,7.580454,22.249666
5.8000,224.652485,8.391608,663.095926,7.540783,22.257765
5.8100,223.477857,8.391608,663.335323,7.501355,22.265801
5.8200,222.310448,8.391608,663.572848,7.462169,22.273774
5.8300,221.150227,8.391608,663.808513,7.423224,22.281684
5.8400,219.997163,8.391608,664.042329,7.384520,22.289533
5.8500,218.851225,8.391608,664.274308,7.346055,22.297319
5.8600,217.712382,8.391608,664.504461,7.307828,22.305045
5.8700,216.580603,8.391608,664.732799,7.269838,22.312709
5.8800,215.455857,8.391608,664.959334,7.232085,22.320313
5.8900,214.338114,8.391608,665.184076,7.194566,22.327857
5.9000,213.227342,8.391608,665.407038,7.157281,22.335341
5.9100,212.123510,8.391608,665.628229,7.120230,22.342766
5.9200,211.026589,8.391608,665.847662,7.083410,22.350131
5.9300,209.936546,8.391608,666.065346,7.046821,22.357438
5.9400,208.853352,8.391608,666.281294,7.010462,22.364687
5.9500,207.776975,8.391608,666.495516,6.974332,22.371877
5.9600,206.707385,8.391608,666.708023,6.938430,22.379011
5.9700,205.644552,8.391608,666.918826,6.902754,22.386086
5.9800,204.588444,8.391608,667.127935,6.867304,22.393106
5.9900,203.539031,8.391608,667.335362,6.832079,22.400068
6.0000,202.496283,8.391608,667.541116,6.797078,22.406975
6.0100,201.460168,8.391608,667.745209,6.762299,22.413825
6.0200,200.430658,8.391608,667.947651,6.727742,22.420620
6.0300,199.407720,8.391608,668.148453,6.693406,22.427361
6.0400,198.391325,8.391608,668.347625,6.659289,22.434046
6.0500,197.381443,8.391608,668.545178,6.625391,22.440677
6.0600,196.378043,8.391608,668.741121,6.591711,22.447254
6.0700,195.381095,8.391608,668.935466,6.558247,22.453778
6.0800,194.390569,8.391608,669.128223,6.524998,22.460248
6.0900,193.406434,8.391608,669.319401,6.491964,22.466665
6.1000,192.428661,8.391608,669.509011,6.459144,22.473030
6.1100,191.457220,8.391608,669.697064,6.426536,22.479342
6.1200,190.492079,8.391608,669.883569,6.394140,22.485602
6.1300,189.533211,8.391608,670.068536,6.361954,22.491811
6.1400,188.580584,8.391608,670.251975,6.329978,22.497968
6.1500,187.634169,8.391608,670.433897,6.298210,22.504075
6.1600,186.693936,8.391608,670.614311,6.266650,22.510131
6.1700,185.759855,8.391608,670.793227,6.235296,22.516136
6.1800,184.831897,8.391608,670.970655,6.204148,22.522092
6.1900,183.910032,8.391608,671.146604,6.173204,22.527998
6.2000,182.994231,8.391608,671.321085,6.142464,22.533855
6.2100,182.084463,8.391608,671.494107,6.111926,22.539662
6.2200,181.180700,8.391608,671.665679,6.081590,22.545421
6.2300,180.282913,8.391608,671.835812,6.051454,22.551132
6.2400,179.391071,8.391608,672.004514,6.021518,22.556795
6.2500,178.505145,8.391608,672.171795,5.991781,22.562410
6.2600,177.625107,8.391608,672.337666,5.962241,22.567978
6.2700,176.750928,8.391608,672.502134,5.932898,22.573498
6.2800,175.882577,8.391608,672.665209,5.903751,22.578972
6.2900,175.020027,8.391608,672.826901,5.874798,22.584399
6.3000,174.163248,8.391608,672.987220,5.846039,22.589781
6.3100,173.312211,8.391608,673.146173,5.817473,22.595116
6.3200,172.466888,8.391608,673.303770,5.789098,22.600406
6.3300,171.627250,8.391608,673.460021,5.760915,22.605651
6.3400,170.793268,8.391608,673.614934,5.732921,22.610851
6.3500,169.964914,8.391608,673.768519,5.705116,22.616006
6.3600,169.142159,8.391608,673.920784,5.677499,22.621117
6.3700,168.324974,8.391608,674.071739,5.650069,22.626184
6.3800,167.513331,8.391608,674.221391,5.622825,22.631208
6.3900,166.707203,8.391608,674.369751,5.595766,22.636187
6.4000,165.906560,8.391608,674.516827,5.568892,22.641124
6.4100,165.111374,8.391608,674.662627,5.542200,22.646018
6.4200,164.321618,8.391608,674.807161,5.515691,22.650870
6.4300,163.537263,8.391608,674.950436,5.489363,22.655679
6.4400,162.758282,8.391608,675.092463,5.463215,22.660446
6.4500,161.984646,8.391608,675.233248,5.437247,22.665172
6.4600,161.216328,8.391608,675.372801,5.411457,22.669856
6.4700,160.453300,8.391608,675.511130,5.385845,22.674499
6.4800,159.695535,8.391608,675.648244,5.360410,22.679102
6.4900,158.943004,8.391608,675.784150,5.335150,22.683664
6.5000,158.195680,8.391608,675.918858,5.310065,22.688185
6.5100,157.453536,8.391608,676.052376,5.285154,22.692667
6.5200,156.716545,8.391608,676.184711,5.260415,22.697109
6.5300,155.984678,8.391608,676.315873,5.235849,22.701512
6.5400,155.257910,8.391608,676.445869,5.211454,22.705875
6.5500,154.536213,8.391608,676.574707,5.187230,22.710200
6.5600,153.819559,8.391608,676.702395,5.163174,22.714486
6.5700,153.107923,8.391608,676.828942,5.139287,22.718734
6.5800,152.401277,8.391608,676.954356,5.115567,22.722943
6.5900,151.699594,8.391608,677.078644,5.092014,22.727115
6.6000,151.002847,8.391608,677.201815,5.068627,22.731250
6.6100,150.311011,8.391608,677.323875,5.045405,22.735347
6.6200,149.624058,8.391608,677.444834,5.022346,22.739407
6.6300,148.941963,8.391608,677.564699,4.999450,22.743430
6.6400,148.264698,8.391608,677.683477,4.976717,22.747417
6.6500,147.592237,8.391608,677.801176,4.954145,22.751368
6.6600,146.924554,8.391608,677.917805,4.931733,22.755283
6.6700,146.261624,8.391608,678.033370,4.909481,22.759162
6.6800,145.603419,8.391608,678.147879,4.887387,22.763006
6.6900,144.949915,8.391608,678.261340,4.865452,22.766814
6.7000,144.301084,8.391608,678.373760,4.843673,22.770588
6.7100,143.656902,8.391608,678.485147,4.822050,22.774327
6.7200,143.017343,8.391608,678.595507,4.800582,22.778031
6.7300,142.382381,8.391608,678.704849,4.779269,22.781701
6.7400,141.751990,8.391608,678.813180,4.758109,22.785338
6.7500,141.126146,8.391608,678.920507,4.737101,22.788940
6.7600,140.504822,8.391608,679.026837,4.716246,22.792509
6.7700,139.887993,8.391608,679.132178,4.695541,22.796045
6.7800,139.275635,8.391608,679.236536,4.674986,22.799548
6.7900,138.667722,8.391608,679.339919,4.654581,22.803018
6.8000,138.064230,8.391608,679.442333,4.634324,22.806456
6.8100,137.465132,8.391608,679.543787,4.614214,22.809861
6.8200,136.870405,8.391608,679.644287,4.594251,22.813235
6.8300,136.280024,8.391608,679.743839,4.574434,22.816576
6.8400,135.693964,8.391608,679.842451,4.554762,22.819886
6.8500,135.112200,8.391608,679.940130,4.535235,22.823165
6.8600,134.534708,8.391608,680.036883,4.515850,22.826413
6.8700,133.961463,8.391608,680.132715,4.496609,22.829630
6.8800,133.392442,8.391608,680.227635,4.477509,22.832816
6.8900,132.827620,8.391608,680.321649,4.458549,22.835971
6.9000,132.266973,8.391608,680.414763,4.439731,22.839097
6.9100,131.710477,8.391608,680.506984,4.421051,22.842192
6.9200,131.158108,8.391608,680.598319,4.402510,22.845258
6.9300,130.609842,8.391608,680.688775,4.384107,22.848295
6.9400,130.065655,8.391608,680.778358,4.365840,22.851302
6.9500,129.525524,8.391608,680.867073,4.347710,22.854279
6.9600,128.989425,8.391608,680.954929,4.329715,22.857228
6.9700,128.457334,8.391608,681.041931,4.311855,22.860149
6.9800,127.929229,8.391608,681.128086,4.294128,22.863041
6.9900,127.405085,8.391608,681.213399,4.276534,22.865904
7.0000,126.884880,8.391608,681.297878,4.259073,22.868740
7.0100,126.368591,8.391608,681.381529,4.241743,22.871548
7.0200,125.856193,8.391608,681.464358,4.224544,22.874328
7.0300,125.347666,8.391608,681.546370,4.207474,22.877081
7.0400,124.842985,8.391608,681.627573,4.190534,22.879807
7.0500,124.342127,8.391608,681.707973,4.173722,22.882505
7.0600,123.845071,8.391608,681.787574,4.157037,22.885177
7.0700,123.351793,8.391608,681.866385,4.140480,22.887823
7.0800,122.862271,8.391608,681.944410,4.124048,22.890442
7.0900,122.376483,8.391608,682.021655,4.107742,22.893035
7.1000,121.894406,8.391608,682.098127,4.091560,22.895601
7.1100,121.416018,8.391608,682.173831,4.075503,22.898143
7.1200,120.941297,8.391608,682.248773,4.059568,22.900658
7.1300,120.470221,8.391608,682.322960,4.043756,22.903148
7.1400,120.002768,8.391608,682.396397,4.028065,22.905613
7.1500,119.538915,8.391608,682.469089,4.012495,22.908053
7.1600,119.078642,8.391608,682.541043,3.997045,22.910469
7.1700,118.621926,8.391608,682.612263,3.981715,22.912859
7.1800,118.168746,8.391608,682.682757,3.966503,22.915225
7.1900,117.719081,8.391608,682.752529,3.951410,22.917567
7.2000,117.272908,8.391608,682.821585,3.936433,22.919885
7.2100,116.830207,8.391608,682.889931,3.921573,22.922180
7.2200,116.390957,8.391608,682.957572,3.906829,22.924450
7.2300,115.955135,8.391608,683.024513,3.892200,22.926697
7.2400,115.522722,8.391608,683.090761,3.877686,22.928921
7.2500,115.093696,8.391608,683.156320,3.863285,22.931121
7.2600,114.668037,8.391608,683.221196,3.848997,22.933299
7.2700,114.245723,8.391608,683.285395,3.834821,22.935454
7.2800,113.826733,8.391608,683.348921,3.820757,22.937586
7.2900,113.411048,8.391608,683.411780,3.806804,22.939696
7.3000,112.998647,8.391608,683.473977,3.792962,22.941784
7.3100,112.589509,8.391608,683.535517,3.779228,22.943850
7.3200,112.183614,8.391608,683.596407,3.765604,22.945893
7.3300,111.780942,8.391608,683.656650,3.752088,22.947916
7.3400,111.381472,8.391608,683.716252,3.738679,22.949916
7.3500,110.985184,8.391608,683.775218,3.725377,22.951895
7.3600,110.592059,8.391608,683.833553,3.712181,22.953854
7.3700,110.202077,8.391608,683.891262,3.699091,22.955791
7.3800,109.815207,8.391608,683.948354,3.686105,22.957707
7.3900,109.431455,8.391608,684.004825,3.673224,22.959603
7.4000,109.050785,8.391608,684.060685,3.660446,22.961478
7.4100,108.673178,8.391608,684.115940,3.647771,22.963332
7.4200,108.298614,8.391608,684.170594,3.635198,22.965167
7.4300,107.927075,8.391608,684.224652,3.622727,22.966981
7.4400,107.558542,8.391608,684.278119,3.610357,22.968776
7.4500,107.192995,8.391608,684.330999,3.598087,22.970551
7.4600,106.830415,8.391608,684.383297,3.585916,22.972306
7.4700,106.470785,8.391608,684.435017,3.573845,22.974043
7.4800,106.114084,8.391608,684.486166,3.561871,22.975759
7.4900,105.760294,8.391608,684.536746,3.549996,22.977457
7.5000,105.409396,8.391608,684.586763,3.538217,22.979136
7.5100,105.061371,8.391608,684.636222,3.526536,22.980796
7.5200,104.716201,8.391608,684.685127,3.514949,22.982438
7.5300,104.373868,8.391608,684.733482,3.503459,22.984061
7.5400,104.034353,8.391608,684.781292,3.492062,22.985666
7.5500,103.697638,8.391608,684.828562,3.480760,22.987252
7.5600,103.363704,8.391608,684.875296,3.469551,22.988821
7.5700,103.032533,8.391608,684.921498,3.458435,22.990372
7.5800,102.704108,8.391608,684.967174,3.447411,22.991905
7.5900,102.378410,8.391608,685.012326,3.436478,22.993421
7.6000,102.055422,8.391608,685.056960,3.425637,22.994919
7.6100,101.735126,8.391608,685.101080,3.414885,22.996400
7.6200,101.417503,8.391608,685.144690,3.404224,22.997864
7.6300,101.102537,8.391608,685.187795,3.393652,22.999311
7.6400,100.790210,8.391608,685.230398,3.383168,23.000741
7.6500,100.480504,8.391608,685.272504,3.372772,23.002154
7.6600,100.173403,8.391608,685.314117,3.362464,23.003551
7.6700,99.868888,8.391608,685.355241,3.352242,23.004931
7.6800,99.566943,8.391608,685.395881,3.342107,23.006295
7.6900,99.267551,8.391608,685.436040,3.332058,23.007643
7.7000,98.970694,8.391608,685.475723,3.322093,23.008975
7.7100,98.676357,8.391608,685.514933,3.312213,23.010291
7.7200,98.384521,8.391608,685.553674,3.302417,23.011592
7.7300,98.095170,8.391608,685.591951,3.292705,23.012877
7.7400,97.808287,8.391608,685.629768,3.283075,23.014146
7.7500,97.523857,8.391608,685.667128,3.273528,23.015400
7.7600,97.241861,8.391608,685.704035,3.264062,23.016639
7.7700,96.962285,8.391608,685.740493,3.254678,23.017863
7.7800,96.685111,8.391608,685.776507,3.245374,23.019072
7.7900,96.410323,8.391608,685.812079,3.236151,23.020266
7.8000,96.137906,8.391608,685.847214,3.227007,23.021445
7.8100,95.867843,8.391608,685.881916,3.217942,23.022610
7.8200,95.600117,8.391608,685.916187,3.208955,23.023760
7.8300,95.334714,8.391608,685.950033,3.200046,23.024896
7.8400,95.071617,8.391608,685.983456,3.191215,23.026018
7.8500,94.810810,8.391608,686.016461,3.182461,23.027126
7.8600,94.552279,8.391608,686.049050,3.173783,23.028220
7.8700,94.296006,8.391608,686.081228,3.165181,23.029300
7.8800,94.041977,8.391608,686.112998,3.156654,23.030366
7.8900,93.790177,8.391608,686.144364,3.148202,23.031419
7.9000,93.540589,8.391608,686.175330,3.139824,23.032459
7.9100,93.293199,8.391608,686.205898,3.131520,23.033485
7.9200,93.047992,8.391608,686.236072,3.123289,23.034498
7.9300,92.804951,8.391608,686.265856,3.115131,23.035497
7.9400,92.564063,8.391608,686.295254,3.107045,23.036484
7.9500,92.325312,8.391608,686.324268,3.099031,23.037458
7.9600,92.088684,8.391608,686.352902,3.091089,23.038419
7.9700,91.854163,8.391608,686.381160,3.083217,23.039368
7.9800,91.621736,8.391608,686.409044,3.075415,23.040304
7.9900,91.391386,8.391608,686.436559,3.067683,23.041227
8.0000,91.163100,8.391608,686.463707,3.060020,23.042138
8.0100,90.936864,8.391608,686.490492,3.052426,23.043037
8.0200,90.712662,8.391608,686.516916,3.044901,23.043924
8.0300,90.490481,8.391608,686.542984,3.037443,23.044799
8.0400,90.270306,8.391608,686.568699,3.030052,23.045663
8.0500,90.052123,8.391608,686.594063,3.022729,23.046514
8.0600,89.835918,8.391608,686.619080,3.015471,23.047354
8.0700,89.621677,8.391608,686.643753,3.008280,23.048182
8.0800,89.409386,8.391608,686.668085,3.001154,23.048999
8.0900,89.199031,8.391608,686.692079,2.994093,23.049804
8.1000,88.990598,8.391608,686.715739,2.987097,23.050598
8.1100,88.784075,8.391608,686.739067,2.980165,23.051381
8.1200,88.579446,8.391608,686.762066,2.973296,23.052153
8.1300,88.376698,8.391608,686.784740,2.966491,23.052914
8.1400,88.175818,8.391608,686.807091,2.959748,23.053665
8.1500,87.976793,8.391608,686.829123,2.953067,23.054404
8.1600,87.779609,8.391608,686.850838,2.946448,23.055133
8.1700,87.584253,8.391608,686.872239,2.939891,23.055851
8.1800,87.390711,8.391608,686.893329,2.933395,23.056559
8.1900,87.198971,8.391608,686.914112,2.926958,23.057257
8.2000,87.009020,8.391608,686.934590,2.920582,23.057944
8.2100,86.820844,8.391608,686.954765,2.914266,23.058621
8.2200,86.634431,8.391608,686.974641,2.908009,23.059289
8.2300,86.449767,8.391608,686.994220,2.901810,23.059946
8.2400,86.266841,8.391608,687.013506,2.895670,23.060593
8.2500,86.085639,8.391608,687.032500,2.889588,23.061231
8.2600,85.906149,8.391608,687.051207,2.883563,23.061859
8.2700,85.728358,8.391608,687.069627,2.877595,23.062477
8.2800,85.552253,8.391608,687.087765,2.871684,23.063086
8.2900,85.377823,8.391608,687.105623,2.865829,23.063685
8.3000,85.205055,8.391608,687.123203,2.860030,23.064275
8.3100,85.033937,8.391608,687.140509,2.854286,23.064856
8.3200,84.864456,8.391608,687.157542,2.848597,23.065428
8.3300,84.696601,8.391608,687.174306,2.842963,23.065991
8.3400,84.530359,8.391608,687.190803,2.837383,23.066544
8.3500,84.365719,8.391608,687.207035,2.831856,23.067089
8.3600,84.202668,8.391608,687.223005,2.826383,23.067625
8.3700,84.041195,8.391608,687.238716,2.820963,23.068153
8.3800,83.881288,8.391608,687.254170,2.815596,23.068671
8.3900,83.722935,8.391608,687.269370,2.810280,23.069182
8.4000,83.566124,8.391608,687.284318,2.805017,23.069683
8.4100,83.410845,8.391608,687.299016,2.799805,23.070177
8.4200,83.257085,8.391608,687.313468,2.794643,23.070662
8.4300,83.104833,8.391608,687.327675,2.789533,23.071139
8.4400,82.954078,8.391608,687.341640,2.784473,23.071607
8.4500,82.804808,8.391608,687.355365,2.779462,23.072068
8.4600,82.657013,8.391608,687.368852,2.774501,23.072521
8.4700,82.510680,8.391608,687.382105,2.769589,23.072966
8.4800,82.365800,8.391608,687.395124,2.764726,23.073403
8.4900,82.222360,8.391608,687.407914,2.759911,23.073832
8.5000,82.080351,8.391608,687.420475,2.755145,23.074254
8.5100,81.939760,8.391608,687.432810,2.750426,23.074668
8.5200,81.800578,8.391608,687.444922,2.745754,23.075074
8.5300,81.662793,8.391608,687.456812,2.741129,23.075473
8.5400,81.526394,8.391608,687.468483,2.736550,23.075865
8.5500,81.391372,8.391608,687.479938,2.732018,23.076250
8.5600,81.257716,8.391608,687.491177,2.727532,23.076627
8.5700,81.125414,8.391608,687.502204,2.723091,23.076997
8.5800,80.994457,8.391608,687.513021,2.718695,23.077360
8.5900,80.864835,8.391608,687.523630,2.714344,23.077716
8.6000,80.736536,8.391608,687.534032,2.710038,23.078065
8.6100,80.609550,8.391608,687.544230,2.705775,23.078408
8.6200,80.483868,8.391608,687.554226,2.701556,23.078743
8.6300,80.359480,8.391608,687.564023,2.697381,23.079072
8.6400,80.236374,8.391608,687.573622,2.693249,23.079394
8.6500,80.114542,8.391608,687.583024,2.689159,23.079710
8.6600,79.993973,8.391608,687.592234,2.685112,23.080019
8.6700,79.874657,8.391608,687.601251,2.681107,23.080322
8.6800,79.756585,8.391608,687.610079,2.677144,23.080618
8.6900,79.639747,8.391608,687.618719,2.673222,23.080908
8.7000,79.524132,8.391608,687.627173,2.669341,23.081192
8.7100,79.409732,8.391608,687.635443,2.665501,23.081469
8.7200,79.296537,8.391608,687.643532,2.661702,23.081741
8.7300,79.184537,8.391608,687.651441,2.657943,23.082006
8.7400,79.073723,8.391608,687.659171,2.654223,23.082266
8.7500,78.964085,8.391608,687.666725,2.650543,23.082519
8.7600,78.855615,8.391608,687.674105,2.646902,23.082767
8.7700,78.748302,8.391608,687.681313,2.643300,23.083009
8.7800,78.642138,8.391608,687.688350,2.639736,23.083245
8.7900,78.537113,8.391608,687.695218,2.636211,23.083476
8.8000,78.433218,8.391608,687.701919,2.632723,23.083701
8.8100,78.330444,8.391608,687.708455,2.629274,23.083920
8.8200,78.228783,8.391608,687.714828,2.625861,23.084134
8.8300,78.128225,8.391608,687.721039,2.622486,23.084343
8.8400,78.028761,8.391608,687.727090,2.619147,23.084546
8.8500,77.930383,8.391608,687.732983,2.615845,23.084743
8.8600,77.833081,8.391608,687.738719,2.612579,23.084936
8.8700,77.736848,8.391608,687.744301,2.609349,23.085123
8.8800,77.641674,8.391608,687.749731,2.606154,23.085306
8.8900,77.547550,8.391608,687.755008,2.602995,23.085483
8.9000,77.454469,8.391608,687.760136,2.599870,23.085655
8.9100,77.362422,8.391608,687.765116,2.596781,23.085822
8.9200,77.271399,8.391608,687.769950,2.593725,23.085984
8.9300,77.181394,8.391608,687.774639,2.590704,23.086142
8.9400,77.092397,8.391608,687.779186,2.587717,23.086294
8.9500,77.004400,8.391608,687.783590,2.584763,23.086442
8.9600,76.917395,8.391608,687.787855,2.581843,23.086585
8.9700,76.831375,8.391608,687.791982,2.578955,23.086724
8.9800,76.746329,8.391608,687.795971,2.576101,23.086858
8.9900,76.662252,8.391608,687.799826,2.573278,23.086987
9.0000,76.579134,8.391608,687.803547,2.570488,23.087112
9.0100,76.496968,8.391608,687.807136,2.567730,23.087233
9.0200,76.415745,8.391608,687.810594,2.565004,23.087349
9.0300,76.335459,8.391608,687.813924,2.562309,23.087460
9.0400,76.256100,8.391608,687.817125,2.559645,23.087568
9.0500,76.177662,8.391608,687.820201,2.557012,23.087671
9.0600,76.100136,8.391608,687.823152,2.554410,23.087770
9.0700,76.023516,8.391608,687.825979,2.551838,23.087865
9.0800,75.947792,8.391608,687.828685,2.549297,23.087956
9.0900,75.872959,8.391608,687.831271,2.546785,23.088043
9.1000,75.799008,8.391608,687.833738,2.544302,23.088125
9.1100,75.725931,8.391608,687.836087,2.541849,23.088204
9.1200,75.653723,8.391608,687.838320,2.539426,23.088279
9.1300,75.582374,8.391608,687.840439,2.537031,23.088350
9.1400,75.511878,8.391608,687.842444,2.534664,23.088418
9.1500,75.442227,8.391608,687.844337,2.532327,23.088481
9.1600,75.373415,8.391608,687.846119,2.530017,23.088541
9.1700,75.305434,8.391608,687.847792,2.527735,23.088597
9.1800,75.238277,8.391608,687.849357,2.525481,23.088650
9.1900,75.171937,8.391608,687.850815,2.523254,23.088699
9.2000,75.106407,8.391608,687.852168,2.521054,23.088744
9.2100,75.041680,8.391608,687.853417,2.518882,23.088786
9.2200,74.977749,8.391608,687.854563,2.516736,23.088825
9.2300,74.914607,8.391608,687.855608,2.514616,23.088860
9.2400,74.852248,8.391608,687.856552,2.512523,23.088891
9.2500,74.790664,8.391608,687.857397,2.510456,23.088920
9.2600,74.729849,8.391608,687.858144,2.508415,23.088945
9.2700,74.669796,8.391608,687.858795,2.506399,23.088967
9.2800,74.610499,8.391608,687.859350,2.504408,23.088985
9.2900,74.551951,8.391608,687.859812,2.502443,23.089001
9.3000,74.494145,8.391608,687.860180,2.500503,23.089013
9.3100,74.437075,8.391608,687.860456,2.498587,23.089022
9.3200,74.380734,8.391608,687.860642,2.496696,23.089029
9.3300,74.325117,8.391608,687.860738,2.494829,23.089032
9.3400,74.270216,8.391608,687.860746,2.492986,23.089032
9.3500,74.216025,8.391608,687.860667,2.491167,23.089029
9.3600,74.162539,8.391608,687.860501,2.489372,23.089024
9.3700,74.109750,8.391608,687.860251,2.487600,23.089015
9.3800,74.057652,8.391608,687.859917,2.485851,23.089004
9.3900,74.006240,8.391608,687.859500,2.484126,23.088990
9.4000,73.955508,8.391608,687.859002,2.482423,23.088973
9.4100,73.905448,8.391608,687.858423,2.480742,23.088954
9.4200,73.856056,8.391608,687.857764,2.479084,23.088932
9.4300,73.807325,8.391608,687.857027,2.477449,23.088907
9.4400,73.759249,8.391608,687.856213,2.475835,23.088880
9.4500,73.711823,8.391608,687.855323,2.474243,23.088850
9.4600,73.665040,8.391608,687.854357,2.472673,23.088818
9.4700,73.618895,8.391608,687.853317,2.471124,23.088783
9.4800,73.573382,8.391608,687.852203,2.469596,23.088745
9.4900,73.528495,8.391608,687.851017,2.468089,23.088705
9.5000,73.484228,8.391608,687.849761,2.466603,23.088663
9.5100,73.440576,8.391608,687.848433,2.465138,23.088619
9.5200,73.397534,8.391608,687.847037,2.463693,23.088572
9.5300,73.355095,8.391608,687.845572,2.462269,23.088523
9.5400,73.313254,8.391608,687.844040,2.460864,23.088471
9.5500,73.272006,8.391608,687.842442,2.459480,23.088418
9.5600,73.231345,8.391608,687.840778,2.458115,23.088362
9.5700,73.191266,8.391608,687.839049,2.456770,23.088304
9.5800,73.151763,8.391608,687.837257,2.455444,23.088244
9.5900,73.112831,8.391608,687.835402,2.454137,23.088181
9.6000,73.074465,8.391608,687.833486,2.452849,23.088117
9.6100,73.036660,8.391608,687.831508,2.451580,23.088051
9.6200,72.999409,8.391608,687.829471,2.450330,23.087982
9.6300,72.962709,8.391608,687.827374,2.449098,23.087912
9.6400,72.926554,8.391608,687.825219,2.447884,23.087840
9.6500,72.890938,8.391608,687.823007,2.446689,23.087765
9.6600,72.855857,8.391608,687.820739,2.445511,23.087689
9.6700,72.821306,8.391608,687.818414,2.444352,23.087611
9.6800,72.787280,8.391608,687.816035,2.443209,23.087531
9.6900,72.753773,8.391608,687.813602,2.442085,23.087450
9.7000,72.720781,8.391608,687.811116,2.440977,23.087366
9.7100,72.688299,8.391608,687.808578,2.439887,23.087281
9.7200,72.656322,8.391608,687.805988,2.438814,23.087194
9.7300,72.624845,8.391608,687.803347,2.437757,23.087105
9.7400,72.593863,8.391608,687.800656,2.436717,23.087015
9.7500,72.563373,8.391608,687.797917,2.435694,23.086923
9.7600,72.533368,8.391608,687.795128,2.434686,23.086829
9.7700,72.503845,8.391608,687.792293,2.433695,23.086734
9.7800,72.474798,8.391608,687.789410,2.432721,23.086638
9.7900,72.446224,8.391608,687.786482,2.431761,23.086539
9.8000,72.418117,8.391608,687.783508,2.430818,23.086439
9.8100,72.390472,8.391608,687.780489,2.429890,23.086338
9.8200,72.363287,8.391608,687.777427,2.428977,23.086235
9.8300,72.336555,8.391608,687.774322,2.428080,23.086131
9.8400,72.310273,8.391608,687.771174,2.427198,23.086025
9.8500,72.284436,8.391608,687.767985,2.426331,23.085918
9.8600,72.259039,8.391608,687.764755,2.425478,23.085810
9.8700,72.234079,8.391608,687.761484,2.424640,23.085700
9.8800,72.209552,8.391608,687.758174,2.423817,23.085589
9.8900,72.185452,8.391608,687.754825,2.423008,23.085477
9.9000,72.161775,8.391608,687.751438,2.422213,23.085363
9.9100,72.138518,8.391608,687.748013,2.421433,23.085248
9.9200,72.115677,8.391608,687.744552,2.420666,23.085132
9.9300,72.093246,8.391608,687.741054,2.419913,23.085014
9.9400,72.071222,8.391608,687.737521,2.419174,23.084896
9.9500,72.049601,8.391608,687.733953,2.418448,23.084776
9.9600,72.028379,8.391608,687.730351,2.417736,23.084655
9.9700,72.007552,8.391608,687.726715,2.417037,23.084533
9.9800,71.987116,8.391608,687.723046,2.416351,23.084410
9.9900,71.967066,8.391608,687.719345,2.415678,23.084286
10.0000,71.947399,8.391608,687.715612,2.415018,23.084160
10.0100,71.928112,8.391608,687.711847,2.414370,23.084034
10.0200,71.909199,8.391608,687.708053,2.413735,23.083907
10.0300,71.890658,8.391608,687.704228,2.413113,23.083778
10.0400,71.872484,8.391608,687.700374,2.412503,23.083649
10.0500,71.854675,8.391608,687.696492,2.411905,23.083519
10.0600,71.837225,8.391608,687.692581,2.411319,23.083387
10.0700,71.820131,8.391608,687.688642,2.410746,23.083255
10.0800,71.803390,8.391608,687.684677,2.410184,23.083122
10.0900,71.786998,8.391608,687.680685,2.409633,23.082988
10.1000,71.770951,8.391608,687.676667,2.409095,23.082853
10.1100,71.755246,8.391608,687.672624,2.408568,23.082717
10.1200,71.739878,8.391608,687.668556,2.408052,23.082581
10.1300,71.724846,8.391608,687.664463,2.407547,23.082444
10.1400,71.710144,8.391608,687.660347,2.407054,23.082305
10.1500,71.695770,8.391608,687.656208,2.406571,23.082166
10.1600,71.681721,8.391608,687.652045,2.406100,23.082027
10.1700,71.667991,8.391608,687.647861,2.405639,23.081886
10.1800,71.654579,8.391608,687.643655,2.405189,23.081745
10.1900,71.641481,8.391608,687.639428,2.404749,23.081603
10.2000,71.628694,8.391608,687.635180,2.404320,23.081461
10.2100,71.616213,8.391608,687.630912,2.403901,23.081317
10.2200,71.604036,8.391608,687.626624,2.403492,23.081173
10.2300,71.592160,8.391608,687.622317,2.403093,23.081029
10.2400,71.580582,8.391608,687.617991,2.402705,23.080884
10.2500,71.569297,8.391608,687.613647,2.402326,23.080738
10.2600,71.558303,8.391608,687.609286,2.401957,23.080591
10.2700,71.547597,8.391608,687.604906,2.401598,23.080444
10.2800,71.537176,8.391608,687.600510,2.401248,23.080297
10.2900,71.527036,8.391608,687.596098,2.400908,23.080149
10.3000,71.517175,8.391608,687.591669,2.400576,23.080000
10.3100,71.507589,8.391608,687.587225,2.400255,23.079851
10.3200,71.498275,8.391608,687.582766,2.399942,23.079701
10.3300,71.489230,8.391608,687.578293,2.399638,23.079551
10.3400,71.480452,8.391608,687.573804,2.399344,23.079400
10.3500,71.471937,8.391608,687.569303,2.399058,23.079249
10.3600,71.463682,8.391608,687.564787,2.398781,23.079098
10.3700,71.455685,8.391608,687.560259,2.398512,23.078946
10.3800,71.447942,8.391608,687.555718,2.398253,23.078793
10.3900,71.440451,8.391608,687.551165,2.398001,23.078641
10.4000,71.433208,8.391608,687.546601,2.397758,23.078487
10.4100,71.426212,8.391608,687.542024,2.397523,23.078334
10.4200,71.419458,8.391608,687.537437,2.397297,23.078180
10.4300,71.412946,8.391608,687.532840,2.397078,23.078025
10.4400,71.406670,8.391608,687.528232,2.396867,23.077871
10.4500,71.400630,8.391608,687.523614,2.396665,23.077716
10.4600,71.394822,8.391608,687.518987,2.396470,23.077560
10.4700,71.389243,8.391608,687.514350,2.396282,23.077405
10.4800,71.383891,8.391608,687.509705,2.396103,23.077249
10.4900,71.378764,8.391608,687.505052,2.395931,23.077093
10.5000,71.373857,8.391608,687.500390,2.395766,23.076936
10.5100,71.369170,8.391608,687.495721,2.395609,23.076779
10.5200,71.364699,8.391608,687.491045,2.395458,23.076622
10.5300,71.360442,8.391608,687.486361,2.395316,23.076465
10.5400,71.356397,8.391608,687.481671,2.395180,23.076308
10.5500,71.352560,8.391608,687.476975,2.395051,23.076150
10.5600,71.348929,8.391608,687.472272,2.394929,23.075992
10.5700,71.345502,8.391608,687.467564,2.394814,23.075834
10.5800,71.342277,8.391608,687.462851,2.394706,23.075676
10.5900,71.339250,8.391608,687.458133,2.394604,23.075518
10.6000,71.336420,8.391608,687.453410,2.394509,23.075359
10.6100,71.333784,8.391608,687.448682,2.394421,23.075201
10.6200,71.331340,8.391608,687.443951,2.394339,23.075042
10.6300,71.329085,8.391608,687.439216,2.394263,23.074883
10.6400,71.327017,8.391608,687.434477,2.394194,23.074724
10.6500,71.325135,8.391608,687.429735,2.394130,23.074565
10.6600,71.323434,8.391608,687.424991,2.394073,23.074405
10.6700,71.321914,8.391608,687.420244,2.394022,23.074246
10.6800,71.320572,8.391608,687.415494,2.393977,23.074087
10.6900,71.319406,8.391608,687.410743,2.393938,23.073927
10.7000,71.318413,8.391608,687.405989,2.393905,23.073767
10.7100,71.317591,8.391608,687.401235,2.393877,23.073608
10.7200,71.316939,8.391608,687.396479,2.393855,23.073448
10.7300,71.316454,8.391608,687.391722,2.393839,23.073289
10.7400,71.316133,8.391608,687.386965,2.393828,23.073129
10.7500,71.315976,8.391608,687.382207,2.393823,23.072969
10.7600,71.315979,8.391608,687.377449,2.393823,23.072809
10.7700,71.316141,8.391608,687.372691,2.393829,23.072650
10.7800,71.316459,8.391608,687.367934,2.393839,23.072490
10.7900,71.316932,8.391608,687.363177,2.393855,23.072330
10.8000,71.317558,8.391608,687.358421,2.393876,23.072171
10.8100,71.318334,8.391608,687.353666,2.393902,23.072011
10.8200,71.319258,8.391608,687.348913,2.393933,23.071852
10.8300,71.320329,8.391608,687.344161,2.393969,23.071692
10.8400,71.321545,8.391608,687.339411,2.394010,23.071533
10.8500,71.322903,8.391608,687.334663,2.394055,23.071373
10.8600,71.324402,8.391608,687.329918,2.394106,23.071214
10.8700,71.326040,8.391608,687.325175,2.394161,23.071055
10.8800,71.327815,8.391608,687.320434,2.394220,23.070896
10.8900,71.329725,8.391608,687.315697,2.394284,23.070737
10.9000,71.331768,8.391608,687.310962,2.394353,23.070578
10.9100,71.333943,8.391608,687.306231,2.394426,23.070419
10.9200,71.336248,8.391608,687.301504,2.394503,23.070260
10.9300,71.338680,8.391608,687.296781,2.394585,23.070102
10.9400,71.341238,8.391608,687.292061,2.394671,23.069943
10.9500,71.343920,8.391608,687.287346,2.394761,23.069785
10.9600,71.346725,8.391608,687.282635,2.394855,23.069627
10.9700,71.349651,8.391608,687.277928,2.394953,23.069469
10.9800,71.352696,8.391608,687.273227,2.395056,23.069311
10.9900,71.355859,8.391608,687.268530,2.395162,23.069153
11.0000,71.359137,8.391608,687.263838,2.395272,23.068996
11.0100,71.362529,8.391608,687.259152,2.395386,23.068839
11.0200,71.366033,8.391608,687.254471,2.395503,23.068682
11.0300,71.369648,8.391608,687.249796,2.395625,23.068525
11.0400,71.373373,8.391608,687.245127,2.395750,23.068368
11.0500,71.377204,8.391608,687.240464,2.395878,23.068211
11.0600,71.381142,8.391608,687.235807,2.396010,23.068055
11.0700,71.385184,8.391608,687.231157,2.396146,23.067899
11.0800,71.389329,8.391608,687.226513,2.396285,23.067743
11.0900,71.393575,8.391608,687.221876,2.396428,23.067587
11.1000,71.397921,8.391608,687.217245,2.396574,23.067432
11.1100,71.402365,8.391608,687.212622,2.396723,23.067277
11.1200,71.406905,8.391608,687.208006,2.396875,23.067122
11.1300,71.411541,8.391608,687.203397,2.397031,23.066967
11.1400,71.416270,8.391608,687.198796,2.397189,23.066813
11.1500,71.421092,8.391608,687.194202,2.397351,23.066659
11.1600,71.426005,8.391608,687.189616,2.397516,23.066505
11.1700,71.431006,8.391608,687.185038,2.397684,23.066351
11.1800,71.436096,8.391608,687.180468,2.397855,23.066198
11.1900,71.441273,8.391608,687.175906,2.398029,23.066044
11.2000,71.446534,8.391608,687.171353,2.398205,23.065892
11.2100,71.451879,8.391608,687.166808,2.398385,23.065739
11.2200,71.457307,8.391608,687.162271,2.398567,23.065587
11.2300,71.462815,8.391608,687.157744,2.398752,23.065435
11.2400,71.468404,8.391608,687.153225,2.398939,23.065283
11.2500,71.474070,8.391608,687.148716,2.399130,23.065132
11.2600,71.479814,8.391608,687.144215,2.399322,23.064981
11.2700,71.485634,8.391608,687.139724,2.399518,23.064830
11.2800,71.491528,8.391608,687.135242,2.399716,23.064679
11.2900,71.497495,8.391608,687.130769,2.399916,23.064529
11.3000,71.503534,8.391608,687.126306,2.400119,23.064380
11.3100,71.509644,8.391608,687.121853,2.400324,23.064230
11.3200,71.515823,8.391608,687.117410,2.400531,23.064081
11.3300,71.522070,8.391608,687.112976,2.400741,23.063932
11.3400,71.528384,8.391608,687.108553,2.400953,23.063784
11.3500,71.534765,8.391608,687.104139,2.401167,23.063635
11.3600,71.541209,8.391608,687.099736,2.401383,23.063488
11.3700,71.547718,8.391608,687.095344,2.401602,23.063340
11.3800,71.554288,8.391608,687.090962,2.401822,23.063193
11.3900,71.560920,8.391608,687.086590,2.402045,23.063046
11.4000,71.567611,8.391608,687.082229,2.402269,23.062900
11.4100,71.574361,8.391608,687.077879,2.402496,23.062754
11.4200,71.581169,8.391608,687.073539,2.402725,23.062608
11.4300,71.588034,8.391608,687.069211,2.402955,23.062463
11.4400,71.594954,8.391608,687.064893,2.403187,23.062318
11.4500,71.601929,8.391608,687.060587,2.403421,23.062174
11.4600,71.608957,8.391608,687.056292,2.403657,23.062029
11.4700,71.616037,8.391608,687.052008,2.403895,23.061886
11.4800,71.623169,8.391608,687.047735,2.404134,23.061742
11.4900,71.630350,8.391608,687.043474,2.404375,23.061599
11.5000,71.637581,8.391608,687.039224,2.404618,23.061456
11.5100,71.644860,8.391608,687.034986,2.404862,23.061314
11.5200,71.652186,8.391608,687.030760,2.405108,23.061172
11.5300,71.659558,8.391608,687.026545,2.405356,23.061031
11.5400,71.666975,8.391608,687.022343,2.405605,23.060890
11.5500,71.674437,8.391608,687.018152,2.405855,23.060749
11.5600,71.681941,8.391608,687.013973,2.406107,23.060609
11.5700,71.689488,8.391608,687.009806,2.406360,23.060469
11.5800,71.697076,8.391608,687.005651,2.406615,23.060330
11.5900,71.704705,8.391608,687.001509,2.406871,23.060191
11.6000,71.712373,8.391608,686.997378,2.407129,23.060052
11.6100,71.720079,8.391608,686.993260,2.407387,23.059914
11.6200,71.727823,8.391608,686.989154,2.407647,23.059776
11.6300,71.735604,8.391608,686.985061,2.407908,23.059638
11.6400,71.743421,8.391608,686.980980,2.408171,23.059501
11.6500,71.751272,8.391608,686.976912,2.408434,23.059365
11.6600,71.759158,8.391608,686.972856,2.408699,23.059229
11.6700,71.767076,8.391608,686.968813,2.408965,23.059093
11.6800,71.775027,8.391608,686.964782,2.409232,23.058958
11.6900,71.783010,8.391608,686.960765,2.409500,23.058823
11.7000,71.791023,8.391608,686.956760,2.409769,23.058688
11.7100,71.799066,8.391608,686.952768,2.410039,23.058554
11.7200,71.807139,8.391608,686.948788,2.410310,23.058421
11.7300,71.815239,8.391608,686.944822,2.410581,23.058288
11.7400,71.823367,8.391608,686.940869,2.410854,23.058155
11.7500,71.831521,8.391608,686.936928,2.411128,23.058023
11.7600,71.839701,8.391608,686.933001,2.411403,23.057891
11.7700,71.847907,8.391608,686.929087,2.411678,23.057760
11.7800,71.856137,8.391608,686.925186,2.411954,23.057629
11.7900,71.864390,8.391608,686.921298,2.412231,23.057498
11.8000,71.872666,8.391608,686.917423,2.412509,23.057368
11.8100,71.880964,8.391608,686.913562,2.412788,23.057238
11.8200,71.889284,8.391608,686.909714,2.413067,23.057109
11.8300,71.897624,8.391608,686.905879,2.413347,23.056981
11.8400,71.905984,8.391608,686.902057,2.413627,23.056852
11.8500,71.914364,8.391608,686.898249,2.413909,23.056724
11.8600,71.922762,8.391608,686.894455,2.414191,23.056597
11.8700,71.931178,8.391608,686.890673,2.414473,23.056470
11.8800,71.939611,8.391608,686.886906,2.414756,23.056344
11.8900,71.948061,8.391608,686.883151,2.415040,23.056218
11.9000,71.956526,8.391608,686.879411,2.415324,23.056092
11.9100,71.965007,8.391608,686.875683,2.415609,23.055967
11.9200,71.973502,8.391608,686.871970,2.415894,23.055842
11.9300,71.982011,8.391608,686.868270,2.416179,23.055718
11.9400,71.990533,8.391608,686.864583,2.416465,23.055594
11.9500,71.999068,8.391608,686.860910,2.416752,23.055471
11.9600,72.007615,8.391608,686.857251,2.417039,23.055348
11.9700,72.016173,8.391608,686.853606,2.417326,23.055226
11.9800,72.024742,8.391608,686.849974,2.417614,23.055104
11.9900,72.033322,8.391608,686.846356,2.417902,23.054983
12.0000,72.041911,8.391608,686.842751,2.418190,23.054862
